Category,Item,Phosphor Icon,SVG Code,
Communication Target,Personal,user,"<svg xmlns=""[http://www.w3.org/2000/svg](http://www.w3.org/2000/svg)"" viewBox=""0 0 256 256""><rect width=""256"" height=""256"" fill=""none""/><circle cx=""128"" cy=""96"" r=""64"" fill=""none"" stroke=""currentColor"" stroke-linecap=""round"" stroke-linejoin=""round"" stroke-width=""16""/><path d=""M31,216a112,112,0,0,1,194,0"" fill=""none"" stroke=""currentColor"" stroke-linecap=""round"" stroke-linejoin=""round"" stroke-width=""16""/></svg>",
Communication Target,Work/Business,briefcase,"<svg xmlns=""[http://www.w3.org/2000/svg](http://www.w3.org/2000/svg)"" viewBox=""0 0 256 256""><rect width=""256"" height=""256"" fill=""none""/><rect x=""32"" y=""64"" width=""192"" height=""144"" rx=""8"" fill=""none"" stroke=""currentColor"" stroke-linecap=""round"" stroke-linejoin=""round"" stroke-width=""16""/><path d=""M168,64V48a16,16,0,0,0-16-16H104A16,16,0,0,0,88,48V64"" fill=""none"" stroke=""currentColor"" stroke-linecap=""round"" stroke-linejoin=""round"" stroke-width=""16""/><line x1=""32"" y1=""120"" x2=""224"" y2=""120"" fill=""none"" stroke=""currentColor"" stroke-linecap=""round"" stroke-linejoin=""round"" stroke-width=""16""/></svg>",
Communication Type,Accounting,calculator,"<svg xmlns=""[http://www.w3.org/2000/svg](http://www.w3.org/2000/svg)"" viewBox=""0 0 256 256""><rect width=""256"" height=""256"" fill=""none""/><rect x=""48"" y=""32"" width=""160"" height=""192"" rx=""16"" fill=""none"" stroke=""currentColor"" stroke-linecap=""round"" stroke-linejoin=""round"" stroke-width=""16""/><rect x=""80"" y=""64"" width=""96"" height=""40"" fill=""none"" stroke=""currentColor"" stroke-linecap=""round"" stroke-linejoin=""round"" stroke-width=""16""/><circle cx=""88"" cy=""144"" r=""12""/><circle cx=""128"" cy=""144"" r=""12""/><circle cx=""168"" cy=""144"" r=""12""/><circle cx=""88"" cy=""184"" r=""12""/><circle cx=""128"" cy=""184"" r=""12""/><circle cx=""168"" cy=""184"" r=""12""/></svg>",
Communication Type,Address (postal),envelope,"<svg xmlns=""[http://www.w3.org/2000/svg](http://www.w3.org/2000/svg)"" viewBox=""0 0 256 256""><rect width=""256"" height=""256"" fill=""none""/><path d=""M32,56H224a8,8,0,0,1,8,8V192a8,8,0,0,1-8,8H32a8,8,0,0,1-8-8V64A8,8,0,0,1,32,56Z"" fill=""none"" stroke=""currentColor"" stroke-linecap=""round"" stroke-linejoin=""round"" stroke-width=""16""/><polyline points=""224 64 128 136 32 64"" fill=""none"" stroke=""currentColor"" stroke-linecap=""round"" stroke-linejoin=""round"" stroke-width=""16""/></svg>",
Communication Type,Customer Service,headset,"<svg xmlns=""[http://www.w3.org/2000/svg](http://www.w3.org/2000/svg)"" viewBox=""0 0 256 256""><rect width=""256"" height=""256"" fill=""none""/><path d=""M32,128a96,96,0,0,1,192,0v48a24,24,0,0,1-24,24H184a8,8,0,0,1-8-8V136a8,8,0,0,1,8-8h32"" fill=""none"" stroke=""currentColor"" stroke-linecap=""round"" stroke-linejoin=""round"" stroke-width=""16""/><path d=""M32,128h32a8,8,0,0,1,8,8v56a8,8,0,0,1-8,8H48a24,24,0,0,1-24-24V128"" fill=""none"" stroke=""currentColor"" stroke-linecap=""round"" stroke-linejoin=""round"" stroke-width=""16""/><path d=""M176,192v8a24,24,0,0,1-24,24H128"" fill=""none"" stroke=""currentColor"" stroke-linecap=""round"" stroke-linejoin=""round"" stroke-width=""16""/></svg>",
Communication Type,Email,at,"<svg xmlns=""[http://www.w3.org/2000/svg](http://www.w3.org/2000/svg)"" viewBox=""0 0 256 256""><rect width=""256"" height=""256"" fill=""none""/><circle cx=""128"" cy=""128"" r=""40"" fill=""none"" stroke=""currentColor"" stroke-linecap=""round"" stroke-linejoin=""round"" stroke-width=""16""/><path d=""M168,128v24a20,20,0,0,0,40,0,80,80,0,1,0-35,66.3"" fill=""none"" stroke=""currentColor"" stroke-linecap=""round"" stroke-linejoin=""round"" stroke-width=""16""/></svg>",
Communication Type,General,chat-teardrop-text,"<svg xmlns=""[http://www.w3.org/2000/svg](http://www.w3.org/2000/svg)"" viewBox=""0 0 256 256""><rect width=""256"" height=""256"" fill=""none""/><path d=""M132,216H48a8,8,0,0,1-8-8V124a88,88,0,1,1,92,92Z"" fill=""none"" stroke=""currentColor"" stroke-linecap=""round"" stroke-linejoin=""round"" stroke-width=""16""/><line x1=""96"" y1=""112"" x2=""160"" y2=""112"" fill=""none"" stroke=""currentColor"" stroke-linecap=""round"" stroke-linejoin=""round"" stroke-width=""16""/><line x1=""96"" y1=""144"" x2=""144"" y2=""144"" fill=""none"" stroke=""currentColor"" stroke-linecap=""round"" stroke-linejoin=""round"" stroke-width=""16""/></svg>",
Communication Type,Reservations,calendar-check,"<svg xmlns=""[http://www.w3.org/2000/svg](http://www.w3.org/2000/svg)"" viewBox=""0 0 256 256""><rect width=""256"" height=""256"" fill=""none""/><rect x=""40"" y=""48"" width=""176"" height=""160"" rx=""8"" fill=""none"" stroke=""currentColor"" stroke-linecap=""round"" stroke-linejoin=""round"" stroke-width=""16""/><line x1=""176"" y1=""24"" x2=""176"" y2=""48"" fill=""none"" stroke=""currentColor"" stroke-linecap=""round"" stroke-linejoin=""round"" stroke-width=""16""/><line x1=""80"" y1=""24"" x2=""80"" y2=""48"" fill=""none"" stroke=""currentColor"" stroke-linecap=""round"" stroke-linejoin=""round"" stroke-width=""16""/><line x1=""40"" y1=""88"" x2=""216"" y2=""88"" fill=""none"" stroke=""currentColor"" stroke-linecap=""round"" stroke-linejoin=""round"" stroke-width=""16""/><polyline points=""96 144 116 164 160 120"" fill=""none"" stroke=""currentColor"" stroke-linecap=""round"" stroke-linejoin=""round"" stroke-width=""16""/></svg>",
Communication Type,Telephone,phone,"<svg xmlns=""[http://www.w3.org/2000/svg](http://www.w3.org/2000/svg)"" viewBox=""0 0 256 256""><rect width=""256"" height=""256"" fill=""none""/><path d=""M92.5,124.9a83.6,83.6,0,0,0,38.6,38.6l19.1-19.1a8,8,0,0,1,8.5-1.8,131.7,131.7,0,0,0,41.2,13,8,8,0,0,1,7.1,8V200a8,8,0,0,1-8,8C110.1,208,48,145.9,48,64a8,8,0,0,1,8-8H92a8,8,0,0,1,8,7.1,131.7,131.7,0,0,0,13,41.2,8,8,0,0,1-1.8,8.5Z"" fill=""none"" stroke=""currentColor"" stroke-linecap=""round"" stroke-linejoin=""round"" stroke-width=""16""/></svg>",
CRUD & Actions,Add / Create,plus-circle,"<svg xmlns=""http://www.w3.org/2000/svg"" viewBox=""0 0 256 256""><rect width=""256"" height=""256"" fill=""none""/><circle cx=""128"" cy=""128"" r=""96"" fill=""none"" stroke=""currentColor"" stroke-miterlimit=""10"" stroke-width=""16""/><line x1=""88"" y1=""128"" x2=""168"" y2=""128"" fill=""none"" stroke=""currentColor"" stroke-linecap=""round"" stroke-linejoin=""round"" stroke-width=""16""/><line x1=""128"" y1=""88"" x2=""128"" y2=""168"" fill=""none"" stroke=""currentColor"" stroke-linecap=""round"" stroke-linejoin=""round"" stroke-width=""16""/></svg>","Creating new records, adding items to an itinerary"
CRUD & Actions,Delete / Remove,trash,"<svg xmlns=""http://www.w3.org/2000/svg"" viewBox=""0 0 256 256""><rect width=""256"" height=""256"" fill=""none""/><line x1=""216"" y1=""56"" x2=""40"" y2=""56"" fill=""none"" stroke=""currentColor"" stroke-linecap=""round"" stroke-linejoin=""round"" stroke-width=""16""/><line x1=""104"" y1=""104"" x2=""104"" y2=""168"" fill=""none"" stroke=""currentColor"" stroke-linecap=""round"" stroke-linejoin=""round"" stroke-width=""16""/><line x1=""152"" y1=""104"" x2=""152"" y2=""168"" fill=""none"" stroke=""currentColor"" stroke-linecap=""round"" stroke-linejoin=""round"" stroke-width=""16""/><path d=""M200,56V208a8,8,0,0,1-8,8H64a8,8,0,0,1-8-8V56"" fill=""none"" stroke=""currentColor"" stroke-linecap=""round"" stroke-linejoin=""round"" stroke-width=""16""/><path d=""M168,56V40a16,16,0,0,0-16-16H104A16,16,0,0,0,88,40V56"" fill=""none"" stroke=""currentColor"" stroke-linecap=""round"" stroke-linejoin=""round"" stroke-width=""16""/></svg>","Deleting records, removing list items"
CRUD & Actions,Duplicate / Copy,copy,"<svg xmlns=""http://www.w3.org/2000/svg"" viewBox=""0 0 256 256""><rect width=""256"" height=""256"" fill=""none""/><polyline points=""168 168 216 168 216 40 88 40 88 88"" fill=""none"" stroke=""currentColor"" stroke-linecap=""round"" stroke-linejoin=""round"" stroke-width=""16""/><rect x=""40"" y=""88"" width=""128"" height=""128"" fill=""none"" stroke=""currentColor"" stroke-linecap=""round"" stroke-linejoin=""round"" stroke-width=""16""/></svg>","Cloning itineraries, copying booking details"
CRUD & Actions,Edit / Update,pencil-simple,"<svg xmlns=""http://www.w3.org/2000/svg"" viewBox=""0 0 256 256""><rect width=""256"" height=""256"" fill=""none""/><path d=""M92.69,216H48a8,8,0,0,1-8-8V163.31a8,8,0,0,1,2.34-5.65L165.66,34.34a8,8,0,0,1,11.31,0L221.66,79a8,8,0,0,1,0,11.31L98.34,213.66A8,8,0,0,1,92.69,216Z"" fill=""none"" stroke=""currentColor"" stroke-linecap=""round"" stroke-linejoin=""round"" stroke-width=""16""/><line x1=""136"" y1=""64"" x2=""192"" y2=""120"" fill=""none"" stroke=""currentColor"" stroke-linecap=""round"" stroke-linejoin=""round"" stroke-width=""16""/></svg>","Inline editing, modal triggers"
CRUD & Actions,Export / Download,download-simple,"<svg xmlns=""http://www.w3.org/2000/svg"" viewBox=""0 0 256 256""><rect width=""256"" height=""256"" fill=""none""/><line x1=""128"" y1=""144"" x2=""128"" y2=""32"" fill=""none"" stroke=""currentColor"" stroke-linecap=""round"" stroke-linejoin=""round"" stroke-width=""16""/><polyline points=""216 144 216 208 40 208 40 144"" fill=""none"" stroke=""currentColor"" stroke-linecap=""round"" stroke-linejoin=""round"" stroke-width=""16""/><polyline points=""168 104 128 144 88 104"" fill=""none"" stroke=""currentColor"" stroke-linecap=""round"" stroke-linejoin=""round"" stroke-width=""16""/></svg>","Downloading PDFs, exporting CSV reports"
CRUD & Actions,Import / Upload,upload-simple,"<svg xmlns=""http://www.w3.org/2000/svg"" viewBox=""0 0 256 256""><rect width=""256"" height=""256"" fill=""none""/><line x1=""128"" y1=""144"" x2=""128"" y2=""32"" fill=""none"" stroke=""currentColor"" stroke-linecap=""round"" stroke-linejoin=""round"" stroke-width=""16""/><polyline points=""216 144 216 208 40 208 40 144"" fill=""none"" stroke=""currentColor"" stroke-linecap=""round"" stroke-linejoin=""round"" stroke-width=""16""/><polyline points=""88 72 128 32 168 72"" fill=""none"" stroke=""currentColor"" stroke-linecap=""round"" stroke-linejoin=""round"" stroke-width=""16""/></svg>","Uploading attachments, importing client lists"
CRUD & Actions,Print,printer,"<svg xmlns=""http://www.w3.org/2000/svg"" viewBox=""0 0 256 256""><rect width=""256"" height=""256"" fill=""none""/><polyline points=""64 80 64 40 192 40 192 80"" fill=""none"" stroke=""currentColor"" stroke-linecap=""round"" stroke-linejoin=""round"" stroke-width=""16""/><rect x=""64"" y=""152"" width=""128"" height=""64"" fill=""none"" stroke=""currentColor"" stroke-linecap=""round"" stroke-linejoin=""round"" stroke-width=""16""/><path d=""M64,176H24V96c0-8.84,7.76-16,17.33-16H214.67C224.24,80,232,87.16,232,96v80H192"" fill=""none"" stroke=""currentColor"" stroke-linecap=""round"" stroke-linejoin=""round"" stroke-width=""16""/><circle cx=""188"" cy=""116"" r=""12""/></svg>","Printing vouchers, invoices, or itineraries"
CRUD & Actions,Save,check,"<svg xmlns=""http://www.w3.org/2000/svg"" viewBox=""0 0 256 256""><rect width=""256"" height=""256"" fill=""none""/><polyline points=""40 144 96 200 224 72"" fill=""none"" stroke=""currentColor"" stroke-linecap=""round"" stroke-linejoin=""round"" stroke-width=""16""/></svg>",Saving form entries or draft modifications
CRUD & Actions,Share,share-network,"<svg xmlns=""http://www.w3.org/2000/svg"" viewBox=""0 0 256 256""><rect width=""256"" height=""256"" fill=""none""/><circle cx=""64"" cy=""128"" r=""32"" fill=""none"" stroke=""currentColor"" stroke-linecap=""round"" stroke-linejoin=""round"" stroke-width=""16""/><circle cx=""176"" cy=""200"" r=""32"" fill=""none"" stroke=""currentColor"" stroke-linecap=""round"" stroke-linejoin=""round"" stroke-width=""16""/><circle cx=""176"" cy=""56"" r=""32"" fill=""none"" stroke=""currentColor"" stroke-linecap=""round"" stroke-linejoin=""round"" stroke-width=""16""/><line x1=""149.09"" y1=""73.3"" x2=""90.91"" y2=""110.7"" fill=""none"" stroke=""currentColor"" stroke-linecap=""round"" stroke-linejoin=""round"" stroke-width=""16""/><line x1=""90.91"" y1=""145.3"" x2=""149.09"" y2=""182.7"" fill=""none"" stroke=""currentColor"" stroke-linecap=""round"" stroke-linejoin=""round"" stroke-width=""16""/></svg>",Generating client links or emailing documents
Data & Search,Attachment,paperclip,"<svg xmlns=""http://www.w3.org/2000/svg"" viewBox=""0 0 256 256""><rect width=""256"" height=""256"" fill=""none""/><path d=""M160,80,76.69,164.69a16,16,0,0,0,22.63,22.62L198.63,86.63a32,32,0,0,0-45.26-45.26L54.06,142.06a48,48,0,0,0,67.88,67.88L204,128"" fill=""none"" stroke=""currentColor"" stroke-linecap=""round"" stroke-linejoin=""round"" stroke-width=""16""/></svg>",Viewing or adding document attachments
Data & Search,Filter,funnel,"<svg xmlns=""http://www.w3.org/2000/svg"" viewBox=""0 0 256 256""><rect width=""256"" height=""256"" fill=""none""/><path d=""M34.1,61.38A8,8,0,0,1,40,48H216a8,8,0,0,1,5.92,13.38L152,136v58.65a8,8,0,0,1-3.56,6.66l-32,21.33A8,8,0,0,1,104,216V136Z"" fill=""none"" stroke=""currentColor"" stroke-linecap=""round"" stroke-linejoin=""round"" stroke-width=""16""/></svg>","Data table filtering, view refine controls"
Data & Search,Refresh / Reload,arrows-clockwise,"<svg xmlns=""http://www.w3.org/2000/svg"" viewBox=""0 0 256 256""><rect width=""256"" height=""256"" fill=""none""/><polyline points=""168 96 216 96 216 48"" fill=""none"" stroke=""currentColor"" stroke-linecap=""round"" stroke-linejoin=""round"" stroke-width=""16""/><path d=""M216,96,187.72,67.72A88,88,0,0,0,64,67"" fill=""none"" stroke=""currentColor"" stroke-linecap=""round"" stroke-linejoin=""round"" stroke-width=""16""/><polyline points=""88 160 40 160 40 208"" fill=""none"" stroke=""currentColor"" stroke-linecap=""round"" stroke-linejoin=""round"" stroke-width=""16""/><path d=""M40,160l28.28,28.28A88,88,0,0,0,192,189"" fill=""none"" stroke=""currentColor"" stroke-linecap=""round"" stroke-linejoin=""round"" stroke-width=""16""/></svg>","Syncing live data, refreshing feeds"
Data & Search,Search,magnifying-glass,"<svg xmlns=""http://www.w3.org/2000/svg"" viewBox=""0 0 256 256""><rect width=""256"" height=""256"" fill=""none""/><circle cx=""112"" cy=""112"" r=""80"" fill=""none"" stroke=""currentColor"" stroke-linecap=""round"" stroke-linejoin=""round"" stroke-width=""16""/><line x1=""168.57"" y1=""168.57"" x2=""224"" y2=""224"" fill=""none"" stroke=""currentColor"" stroke-linecap=""round"" stroke-linejoin=""round"" stroke-width=""16""/></svg>","Global search bars, inline table filters"
Data & Search,Sort,arrows-down-up,"<svg xmlns=""http://www.w3.org/2000/svg"" viewBox=""0 0 256 256""><rect width=""256"" height=""256"" fill=""none""/><polyline points=""112 176 80 208 48 176"" fill=""none"" stroke=""currentColor"" stroke-linecap=""round"" stroke-linejoin=""round"" stroke-width=""16""/><line x1=""80"" y1=""48"" x2=""80"" y2=""208"" fill=""none"" stroke=""currentColor"" stroke-linecap=""round"" stroke-linejoin=""round"" stroke-width=""16""/><polyline points=""144 80 176 48 208 80"" fill=""none"" stroke=""currentColor"" stroke-linecap=""round"" stroke-linejoin=""round"" stroke-width=""16""/><line x1=""176"" y1=""208"" x2=""176"" y2=""48"" fill=""none"" stroke=""currentColor"" stroke-linecap=""round"" stroke-linejoin=""round"" stroke-width=""16""/></svg>","Column sorting, list re-ordering"
Document Type,Confirmation,file-check,"<svg xmlns=""[http://www.w3.org/2000/svg](http://www.w3.org/2000/svg)"" viewBox=""0 0 256 256""><rect width=""256"" height=""256"" fill=""none""/><path d=""M200,224H56a8,8,0,0,1-8-8V40a8,8,0,0,1,8-8h96l56,56V216A8,8,0,0,1,200,224Z"" fill=""none"" stroke=""currentColor"" stroke-linecap=""round"" stroke-linejoin=""round"" stroke-width=""16""/><polyline points=""152 32 152 88 208 88"" fill=""none"" stroke=""currentColor"" stroke-linecap=""round"" stroke-linejoin=""round"" stroke-width=""16""/><polyline points=""100 152 116 168 156 128"" fill=""none"" stroke=""currentColor"" stroke-linecap=""round"" stroke-linejoin=""round"" stroke-width=""16""/></svg>",
Document Type,Email,envelope-simple,"<svg xmlns=""[http://www.w3.org/2000/svg](http://www.w3.org/2000/svg)"" viewBox=""0 0 256 256""><rect width=""256"" height=""256"" fill=""none""/><path d=""M32,56H224a8,8,0,0,1,8,8V192a8,8,0,0,1-8,8H32a8,8,0,0,1-8-8V64A8,8,0,0,1,32,56Z"" fill=""none"" stroke=""currentColor"" stroke-linecap=""round"" stroke-linejoin=""round"" stroke-width=""16""/><polyline points=""224 56 128 128 32 56"" fill=""none"" stroke=""currentColor"" stroke-linecap=""round"" stroke-linejoin=""round"" stroke-width=""16""/></svg>",
Document Type,Invoice,receipt,"<svg xmlns=""[http://www.w3.org/2000/svg](http://www.w3.org/2000/svg)"" viewBox=""0 0 256 256""><rect width=""256"" height=""256"" fill=""none""/><path d=""M48,40,64,56,80,40,96,56l16-16,16,16,16-16,16,16,16-16,16,16,16-16,16,16V216l-16-16-16,16-16-16-16,16-16-16-16,16-16-16-16,16-16-16-16,16V40"" fill=""none"" stroke=""currentColor"" stroke-linecap=""round"" stroke-linejoin=""round"" stroke-width=""16""/><line x1=""88"" y1=""104"" x2=""168"" y2=""104"" fill=""none"" stroke=""currentColor"" stroke-linecap=""round"" stroke-linejoin=""round"" stroke-width=""16""/><line x1=""88"" y1=""136"" x2=""168"" y2=""136"" fill=""none"" stroke=""currentColor"" stroke-linecap=""round"" stroke-linejoin=""round"" stroke-width=""16""/><line x1=""88"" y1=""168"" x2=""136"" y2=""168"" fill=""none"" stroke=""currentColor"" stroke-linecap=""round"" stroke-linejoin=""round"" stroke-width=""16""/></svg>",
Document Type,Itinerary,map-trifold,"<svg xmlns=""[http://www.w3.org/2000/svg](http://www.w3.org/2000/svg)"" viewBox=""0 0 256 256""><rect width=""256"" height=""256"" fill=""none""/><polygon points=""96 184 32 216 32 72 96 40 96 184"" fill=""none"" stroke=""currentColor"" stroke-linecap=""round"" stroke-linejoin=""round"" stroke-width=""16""/><polygon points=""160 216 96 184 96 40 160 72 160 216"" fill=""none"" stroke=""currentColor"" stroke-linecap=""round"" stroke-linejoin=""round"" stroke-width=""16""/><polygon points=""224 184 160 216 160 72 224 40 224 184"" fill=""none"" stroke=""currentColor"" stroke-linecap=""round"" stroke-linejoin=""round"" stroke-width=""16""/></svg>",
Document Type,Letter,envelope,"<svg xmlns=""[http://www.w3.org/2000/svg](http://www.w3.org/2000/svg)"" viewBox=""0 0 256 256""><rect width=""256"" height=""256"" fill=""none""/><path d=""M32,56H224a8,8,0,0,1,8,8V192a8,8,0,0,1-8,8H32a8,8,0,0,1-8-8V64A8,8,0,0,1,32,56Z"" fill=""none"" stroke=""currentColor"" stroke-linecap=""round"" stroke-linejoin=""round"" stroke-width=""16""/><polyline points=""224 64 128 136 32 64"" fill=""none"" stroke=""currentColor"" stroke-linecap=""round"" stroke-linejoin=""round"" stroke-width=""16""/></svg>",
Document Type,Payment,credit-card,"<svg xmlns=""[http://www.w3.org/2000/svg](http://www.w3.org/2000/svg)"" viewBox=""0 0 256 256""><rect width=""256"" height=""256"" fill=""none""/><rect x=""32"" y=""56"" width=""192"" height=""144"" rx=""8"" fill=""none"" stroke=""currentColor"" stroke-linecap=""round"" stroke-linejoin=""round"" stroke-width=""16""/><line x1=""32"" y1=""104"" x2=""224"" y2=""104"" fill=""none"" stroke=""currentColor"" stroke-linecap=""round"" stroke-linejoin=""round"" stroke-width=""16""/><line x1=""64"" y1=""152"" x2=""96"" y2=""152"" fill=""none"" stroke=""currentColor"" stroke-linecap=""round"" stroke-linejoin=""round"" stroke-width=""16""/><line x1=""128"" y1=""152"" x2=""160"" y2=""152"" fill=""none"" stroke=""currentColor"" stroke-linecap=""round"" stroke-linejoin=""round"" stroke-width=""16""/></svg>",
Document Type,Ticket,ticket,"<svg xmlns=""[http://www.w3.org/2000/svg](http://www.w3.org/2000/svg)"" viewBox=""0 0 256 256""><rect width=""256"" height=""256"" fill=""none""/><line x1=""96"" y1=""56"" x2=""96"" y2=""200"" fill=""none"" stroke=""currentColor"" stroke-linecap=""round"" stroke-linejoin=""round"" stroke-width=""16""/><path d=""M24,160a32,32,0,0,0,0-64V64a8,8,0,0,1,8-8H224a8,8,0,0,1,8,8V96a32,32,0,0,0,0,64v32a8,8,0,0,1-8,8H32a8,8,0,0,1-8-8Z"" fill=""none"" stroke=""currentColor"" stroke-linecap=""round"" stroke-linejoin=""round"" stroke-width=""16""/></svg>",
Feedback & Help,Error,warning-circle,"<svg xmlns=""http://www.w3.org/2000/svg"" viewBox=""0 0 256 256""><rect width=""256"" height=""256"" fill=""none""/><circle cx=""128"" cy=""128"" r=""96"" fill=""none"" stroke=""currentColor"" stroke-miterlimit=""10"" stroke-width=""16""/><line x1=""128"" y1=""136"" x2=""128"" y2=""80"" fill=""none"" stroke=""currentColor"" stroke-linecap=""round"" stroke-linejoin=""round"" stroke-width=""16""/><circle cx=""128"" cy=""172"" r=""12""/></svg>","Form validation errors, system failures"
Feedback & Help,Help / Support,question,"<svg xmlns=""http://www.w3.org/2000/svg"" viewBox=""0 0 256 256""><rect width=""256"" height=""256"" fill=""none""/><circle cx=""128"" cy=""180"" r=""12""/><path d=""M128,144v-8c17.67,0,32-12.54,32-28s-14.33-28-32-28S96,92.54,96,108v4"" fill=""none"" stroke=""currentColor"" stroke-linecap=""round"" stroke-linejoin=""round"" stroke-width=""16""/><circle cx=""128"" cy=""128"" r=""96"" fill=""none"" stroke=""currentColor"" stroke-linecap=""round"" stroke-linejoin=""round"" stroke-width=""16""/></svg>","Knowledgebase links, support tickets"
Feedback & Help,Information,info,"<svg xmlns=""http://www.w3.org/2000/svg"" viewBox=""0 0 256 256""><rect width=""256"" height=""256"" fill=""none""/><circle cx=""128"" cy=""128"" r=""96"" fill=""none"" stroke=""currentColor"" stroke-linecap=""round"" stroke-linejoin=""round"" stroke-width=""16""/><path d=""M120,120a8,8,0,0,1,8,8v40a8,8,0,0,0,8,8"" fill=""none"" stroke=""currentColor"" stroke-linecap=""round"" stroke-linejoin=""round"" stroke-width=""16""/><circle cx=""124"" cy=""84"" r=""12""/></svg>","Tooltips, contextual metadata guidance"
Feedback & Help,Loading / Syncing,spinner,"<svg xmlns=""http://www.w3.org/2000/svg"" viewBox=""0 0 256 256""><rect width=""256"" height=""256"" fill=""none""/><line x1=""128"" y1=""32"" x2=""128"" y2=""64"" fill=""none"" stroke=""currentColor"" stroke-linecap=""round"" stroke-linejoin=""round"" stroke-width=""16""/><line x1=""195.88"" y1=""60.12"" x2=""173.25"" y2=""82.75"" fill=""none"" stroke=""currentColor"" stroke-linecap=""round"" stroke-linejoin=""round"" stroke-width=""16""/><line x1=""224"" y1=""128"" x2=""192"" y2=""128"" fill=""none"" stroke=""currentColor"" stroke-linecap=""round"" stroke-linejoin=""round"" stroke-width=""16""/><line x1=""195.88"" y1=""195.88"" x2=""173.25"" y2=""173.25"" fill=""none"" stroke=""currentColor"" stroke-linecap=""round"" stroke-linejoin=""round"" stroke-width=""16""/><line x1=""128"" y1=""224"" x2=""128"" y2=""192"" fill=""none"" stroke=""currentColor"" stroke-linecap=""round"" stroke-linejoin=""round"" stroke-width=""16""/><line x1=""60.12"" y1=""195.88"" x2=""82.75"" y2=""173.25"" fill=""none"" stroke=""currentColor"" stroke-linecap=""round"" stroke-linejoin=""round"" stroke-width=""16""/><line x1=""32"" y1=""128"" x2=""64"" y2=""128"" fill=""none"" stroke=""currentColor"" stroke-linecap=""round"" stroke-linejoin=""round"" stroke-width=""16""/><line x1=""60.12"" y1=""60.12"" x2=""82.75"" y2=""82.75"" fill=""none"" stroke=""currentColor"" stroke-linecap=""round"" stroke-linejoin=""round"" stroke-width=""16""/></svg>","Asynchronous loading states, processing indicators"
Feedback & Help,Show Password,eye,"<svg xmlns=""http://www.w3.org/2000/svg"" viewBox=""0 0 256 256""><rect width=""256"" height=""256"" fill=""none""/><path d=""M128,56C48,56,16,128,16,128s32,72,112,72,112-72,112-72S208,56,128,56Z"" fill=""none"" stroke=""currentColor"" stroke-linecap=""round"" stroke-linejoin=""round"" stroke-width=""16""/><circle cx=""128"" cy=""128"" r=""40"" fill=""none"" stroke=""currentColor"" stroke-linecap=""round"" stroke-linejoin=""round"" stroke-width=""16""/></svg>",
Feedback & Help,Success,check-circle,"<svg xmlns=""http://www.w3.org/2000/svg"" viewBox=""0 0 256 256""><rect width=""256"" height=""256"" fill=""none""/><polyline points=""88 136 112 160 168 104"" fill=""none"" stroke=""currentColor"" stroke-linecap=""round"" stroke-linejoin=""round"" stroke-width=""16""/><circle cx=""128"" cy=""128"" r=""96"" fill=""none"" stroke=""currentColor"" stroke-linecap=""round"" stroke-linejoin=""round"" stroke-width=""16""/></svg>","Toast notifications, completion states"
Feedback & Help,Warning,warning,"<svg xmlns=""http://www.w3.org/2000/svg"" viewBox=""0 0 256 256""><rect width=""256"" height=""256"" fill=""none""/><path d=""M142.41,40.22l87.46,151.87C236,202.79,228.08,216,215.46,216H40.54C27.92,216,20,202.79,26.13,192.09L113.59,40.22C119.89,29.26,136.11,29.26,142.41,40.22Z"" fill=""none"" stroke=""currentColor"" stroke-linecap=""round"" stroke-linejoin=""round"" stroke-width=""16""/><line x1=""128"" y1=""144"" x2=""128"" y2=""104"" fill=""none"" stroke=""currentColor"" stroke-linecap=""round"" stroke-linejoin=""round"" stroke-width=""16""/><circle cx=""128"" cy=""180"" r=""12""/></svg>","Expiration alerts, incomplete profile warnings"
Flag,Do Not Use (no permission),prohibit,"<svg xmlns=""[http://www.w3.org/2000/svg](http://www.w3.org/2000/svg)"" viewBox=""0 0 256 256""><rect width=""256"" height=""256"" fill=""none""/><circle cx=""128"" cy=""128"" r=""96"" fill=""none"" stroke=""currentColor"" stroke-linecap=""round"" stroke-linejoin=""round"" stroke-width=""16""/><line x1=""60.1"" y1=""60.1"" x2=""195.9"" y2=""195.9"" fill=""none"" stroke=""currentColor"" stroke-linecap=""round"" stroke-linejoin=""round"" stroke-width=""16""/></svg>",
Flag,Invalid,x-circle,"<svg xmlns=""[http://www.w3.org/2000/svg](http://www.w3.org/2000/svg)"" viewBox=""0 0 256 256""><rect width=""256"" height=""256"" fill=""none""/><circle cx=""128"" cy=""128"" r=""96"" fill=""none"" stroke=""currentColor"" stroke-linecap=""round"" stroke-linejoin=""round"" stroke-width=""16""/><line x1=""160"" y1=""96"" x2=""96"" y2=""160"" fill=""none"" stroke=""currentColor"" stroke-linecap=""round"" stroke-linejoin=""round"" stroke-width=""16""/><line x1=""96"" y1=""96"" x2=""160"" y2=""160"" fill=""none"" stroke=""currentColor"" stroke-linecap=""round"" stroke-linejoin=""round"" stroke-width=""16""/></svg>",
Flag,No Marketing (opt out),megaphone-slash,"<svg xmlns=""[http://www.w3.org/2000/svg](http://www.w3.org/2000/svg)"" viewBox=""0 0 256 256""><rect width=""256"" height=""256"" fill=""none""/><line x1=""48"" y1=""48"" x2=""208"" y2=""208"" fill=""none"" stroke=""currentColor"" stroke-linecap=""round"" stroke-linejoin=""round"" stroke-width=""16""/><path d=""M160,80l48-24V184l-20.6-10.3"" fill=""none"" stroke=""currentColor"" stroke-linecap=""round"" stroke-linejoin=""round"" stroke-width=""16""/><path d=""M160,136v24a8,8,0,0,1-8,8H120L80,208H48V168"" fill=""none"" stroke=""currentColor"" stroke-linecap=""round"" stroke-linejoin=""round"" stroke-width=""16""/><path d=""M85.3,85.3L48,104H32a8,8,0,0,0-8,8v32a8,8,0,0,0,8,8H48"" fill=""none"" stroke=""currentColor"" stroke-linecap=""round"" stroke-linejoin=""round"" stroke-width=""16""/><path d=""M112,80h40a8,8,0,0,1,8,8v24"" fill=""none"" stroke=""currentColor"" stroke-linecap=""round"" stroke-linejoin=""round"" stroke-width=""16""/></svg>",
Flag,SMS Allowed,chat-circle-check,"<svg xmlns=""[http://www.w3.org/2000/svg](http://www.w3.org/2000/svg)"" viewBox=""0 0 256 256""><rect width=""256"" height=""256"" fill=""none""/><path d=""M132,216H48a8,8,0,0,1-8-8V124a88,88,0,1,1,92,92Z"" fill=""none"" stroke=""currentColor"" stroke-linecap=""round"" stroke-linejoin=""round"" stroke-width=""16""/><polyline points=""96 128 116 148 160 104"" fill=""none"" stroke=""currentColor"" stroke-linecap=""round"" stroke-linejoin=""round"" stroke-width=""16""/></svg>",
Flag,SMS Not Allowed,chat-circle-slash,"<svg xmlns=""[http://www.w3.org/2000/svg](http://www.w3.org/2000/svg)"" viewBox=""0 0 256 256""><rect width=""256"" height=""256"" fill=""none""/><line x1=""48"" y1=""48"" x2=""208"" y2=""208"" fill=""none"" stroke=""currentColor"" stroke-linecap=""round"" stroke-linejoin=""round"" stroke-width=""16""/><path d=""M190.2,143.4A88,88,0,0,0,84.6,37.8"" fill=""none"" stroke=""currentColor"" stroke-linecap=""round"" stroke-linejoin=""round"" stroke-width=""16""/><path d=""M54.1,67.3A88,88,0,0,0,40,124v84a8,8,0,0,0,8,8h84a88,88,0,0,0,56.7-20.9"" fill=""none"" stroke=""currentColor"" stroke-linecap=""round"" stroke-linejoin=""round"" stroke-width=""16""/></svg>",
Identification Type,Drivers License,identification-card,"<svg xmlns=""[http://www.w3.org/2000/svg](http://www.w3.org/2000/svg)"" viewBox=""0 0 256 256""><rect width=""256"" height=""256"" fill=""none""/><rect x=""32"" y=""48"" width=""192"" height=""160"" rx=""8"" fill=""none"" stroke=""currentColor"" stroke-linecap=""round"" stroke-linejoin=""round"" stroke-width=""16""/><circle cx=""96"" cy=""112"" r=""24"" fill=""none"" stroke=""currentColor"" stroke-linecap=""round"" stroke-linejoin=""round"" stroke-width=""16""/><path d=""M64,168a32,32,0,0,1,64,0"" fill=""none"" stroke=""currentColor"" stroke-linecap=""round"" stroke-linejoin=""round"" stroke-width=""16""/><line x1=""152"" y1=""104"" x2=""184"" y2=""104"" fill=""none"" stroke=""currentColor"" stroke-linecap=""round"" stroke-linejoin=""round"" stroke-width=""16""/><line x1=""152"" y1=""136"" x2=""184"" y2=""136"" fill=""none"" stroke=""currentColor"" stroke-linecap=""round"" stroke-linejoin=""round"" stroke-width=""16""/></svg>",
Identification Type,Other,identification-badge,"<svg xmlns=""[http://www.w3.org/2000/svg](http://www.w3.org/2000/svg)"" viewBox=""0 0 256 256""><rect width=""256"" height=""256"" fill=""none""/><rect x=""40"" y=""80"" width=""176"" height=""136"" rx=""8"" fill=""none"" stroke=""currentColor"" stroke-linecap=""round"" stroke-linejoin=""round"" stroke-width=""16""/><circle cx=""128"" cy=""132"" r=""20"" fill=""none"" stroke=""currentColor"" stroke-linecap=""round"" stroke-linejoin=""round"" stroke-width=""16""/><path d=""M100,180a28,28,0,0,1,56,0"" fill=""none"" stroke=""currentColor"" stroke-linecap=""round"" stroke-linejoin=""round"" stroke-width=""16""/><line x1=""96"" y1=""40"" x2=""160"" y2=""40"" fill=""none"" stroke=""currentColor"" stroke-linecap=""round"" stroke-linejoin=""round"" stroke-width=""16""/><path d=""M112,40V80h32V40"" fill=""none"" stroke=""currentColor"" stroke-linecap=""round"" stroke-linejoin=""round"" stroke-width=""16""/></svg>",
Identification Type,Passport,passport,"<svg xmlns=""[http://www.w3.org/2000/svg](http://www.w3.org/2000/svg)"" viewBox=""0 0 256 256""><rect width=""256"" height=""256"" fill=""none""/><rect x=""48"" y=""32"" width=""160"" height=""192"" rx=""8"" fill=""none"" stroke=""currentColor"" stroke-linecap=""round"" stroke-linejoin=""round"" stroke-width=""16""/><circle cx=""128"" cy=""120"" r=""32"" fill=""none"" stroke=""currentColor"" stroke-linecap=""round"" stroke-linejoin=""round"" stroke-width=""16""/><line x1=""88"" y1=""184"" x2=""168"" y2=""184"" fill=""none"" stroke=""currentColor"" stroke-linecap=""round"" stroke-linejoin=""round"" stroke-width=""16""/></svg>",
Navigation & Controls,Close / Dismiss,x,"<svg xmlns=""http://www.w3.org/2000/svg"" viewBox=""0 0 256 256""><rect width=""256"" height=""256"" fill=""none""/><line x1=""200"" y1=""56"" x2=""56"" y2=""200"" stroke=""currentColor"" stroke-linecap=""round"" stroke-linejoin=""round"" stroke-width=""16""/><line x1=""200"" y1=""200"" x2=""56"" y2=""56"" stroke=""currentColor"" stroke-linecap=""round"" stroke-linejoin=""round"" stroke-width=""16""/></svg>","Closing modals, clearing search queries, dismissing alerts"
Navigation & Controls,Drag Handle,dots-six-vertical,"<svg xmlns=""http://www.w3.org/2000/svg"" viewBox=""0 0 256 256""><rect width=""256"" height=""256"" fill=""none""/><circle cx=""92"" cy=""60"" r=""12""/><circle cx=""164"" cy=""60"" r=""12""/><circle cx=""92"" cy=""128"" r=""12""/><circle cx=""164"" cy=""128"" r=""12""/><circle cx=""92"" cy=""196"" r=""12""/><circle cx=""164"" cy=""196"" r=""12""/></svg>","Reordering itinerary items, drag-and-drop lists"
Navigation & Controls,Expand / Collapse,caret-up-down,"<svg xmlns=""http://www.w3.org/2000/svg"" viewBox=""0 0 256 256""><rect width=""256"" height=""256"" fill=""none""/><polyline points=""80 176 128 224 176 176"" fill=""none"" stroke=""currentColor"" stroke-linecap=""round"" stroke-linejoin=""round"" stroke-width=""16""/><polyline points=""80 80 128 32 176 80"" fill=""none"" stroke=""currentColor"" stroke-linecap=""round"" stroke-linejoin=""round"" stroke-width=""16""/></svg>",
Navigation & Controls,Expand Dropdown,caret-down,"<svg xmlns=""http://www.w3.org/2000/svg"" viewBox=""0 0 256 256""><rect width=""256"" height=""256"" fill=""none""/><polyline points=""208 96 128 176 48 96"" fill=""none"" stroke=""currentColor"" stroke-linecap=""round"" stroke-linejoin=""round"" stroke-width=""16""/></svg>","Select menus, collapsible sections"
Navigation & Controls,External Link,arrow-square-out,"<svg xmlns=""http://www.w3.org/2000/svg"" viewBox=""0 0 256 256""><rect width=""256"" height=""256"" fill=""none""/><polyline points=""216 104 215.99 40.01 152 40"" fill=""none"" stroke=""currentColor"" stroke-linecap=""round"" stroke-linejoin=""round"" stroke-width=""16""/><line x1=""136"" y1=""120"" x2=""216"" y2=""40"" fill=""none"" stroke=""currentColor"" stroke-linecap=""round"" stroke-linejoin=""round"" stroke-width=""16""/><path d=""M184,136v72a8,8,0,0,1-8,8H48a8,8,0,0,1-8-8V80a8,8,0,0,1,8-8h72"" fill=""none"" stroke=""currentColor"" stroke-linecap=""round"" stroke-linejoin=""round"" stroke-width=""16""/></svg>",Opening supplier sites or external vouchers
Navigation & Controls,More Actions,dots-three-vertical,"<svg xmlns=""http://www.w3.org/2000/svg"" viewBox=""0 0 256 256""><rect width=""256"" height=""256"" fill=""none""/><circle cx=""128"" cy=""128"" r=""12""/><circle cx=""128"" cy=""60"" r=""12""/><circle cx=""128"" cy=""196"" r=""12""/></svg>","Table row context menus, card options"
Navigation & Controls,Next,caret-right,"<svg xmlns=""http://www.w3.org/2000/svg"" viewBox=""0 0 256 256""><rect width=""256"" height=""256"" fill=""none""/><polyline points=""96 48 176 128 96 208"" fill=""none"" stroke=""currentColor"" stroke-linecap=""round"" stroke-linejoin=""round"" stroke-width=""16""/></svg>","Pagination, multi-step forms"
Navigation & Controls,Previous,caret-left,"<svg xmlns=""http://www.w3.org/2000/svg"" viewBox=""0 0 256 256""><rect width=""256"" height=""256"" fill=""none""/><polyline points=""160 208 80 128 160 48"" fill=""none"" stroke=""currentColor"" stroke-linecap=""round"" stroke-linejoin=""round"" stroke-width=""16""/></svg>","Pagination, multi-step forms"
Phone Type,Landline,phone,"<svg xmlns=""[http://www.w3.org/2000/svg](http://www.w3.org/2000/svg)"" viewBox=""0 0 256 256""><rect width=""256"" height=""256"" fill=""none""/><path d=""M92.5,124.9a83.6,83.6,0,0,0,38.6,38.6l19.1-19.1a8,8,0,0,1,8.5-1.8,131.7,131.7,0,0,0,41.2,13,8,8,0,0,1,7.1,8V200a8,8,0,0,1-8,8C110.1,208,48,145.9,48,64a8,8,0,0,1,8-8H92a8,8,0,0,1,8,7.1,131.7,131.7,0,0,0,13,41.2,8,8,0,0,1-1.8,8.5Z"" fill=""none"" stroke=""currentColor"" stroke-linecap=""round"" stroke-linejoin=""round"" stroke-width=""16""/></svg>",
Phone Type,Mobile,device-mobile,"<svg xmlns=""[http://www.w3.org/2000/svg](http://www.w3.org/2000/svg)"" viewBox=""0 0 256 256""><rect width=""256"" height=""256"" fill=""none""/><rect x=""64"" y=""24"" width=""128"" height=""208"" rx=""16"" fill=""none"" stroke=""currentColor"" stroke-linecap=""round"" stroke-linejoin=""round"" stroke-width=""16""/><line x1=""64"" y1=""56"" x2=""192"" y2=""56"" fill=""none"" stroke=""currentColor"" stroke-linecap=""round"" stroke-linejoin=""round"" stroke-width=""16""/><line x1=""64"" y1=""200"" x2=""192"" y2=""200"" fill=""none"" stroke=""currentColor"" stroke-linecap=""round"" stroke-linejoin=""round"" stroke-width=""16""/></svg>",
Preferences & View,Favorite / Star,star,"<svg xmlns=""http://www.w3.org/2000/svg"" viewBox=""0 0 256 256""><rect width=""256"" height=""256"" fill=""none""/><path d=""M128,189.09l54.72,33.65a8.4,8.4,0,0,0,12.52-9.17l-14.88-62.79,48.7-42A8.46,8.46,0,0,0,224.27,94L160.36,88.8,135.74,29.2a8.36,8.36,0,0,0-15.48,0L95.64,88.8,31.73,94a8.46,8.46,0,0,0-4.79,14.83l48.7,42L60.76,213.57a8.4,8.4,0,0,0,12.52,9.17Z"" fill=""none"" stroke=""currentColor"" stroke-linecap=""round"" stroke-linejoin=""round"" stroke-width=""16""/></svg>","Favoriting clients, featured travel packages"
Preferences & View,Grid View,grid-four,"<svg xmlns=""http://www.w3.org/2000/svg"" viewBox=""0 0 256 256""><rect width=""256"" height=""256"" fill=""none""/><rect x=""48"" y=""48"" width=""160"" height=""160"" rx=""8"" fill=""none"" stroke=""currentColor"" stroke-linecap=""round"" stroke-linejoin=""round"" stroke-width=""16""/><line x1=""128"" y1=""48"" x2=""128"" y2=""208"" fill=""none"" stroke=""currentColor"" stroke-linecap=""round"" stroke-linejoin=""round"" stroke-width=""16""/><line x1=""48"" y1=""128"" x2=""208"" y2=""128"" fill=""none"" stroke=""currentColor"" stroke-linecap=""round"" stroke-linejoin=""round"" stroke-width=""16""/></svg>",Switching layout to card grid
Preferences & View,Hide Password,eye-slash,"<svg xmlns=""http://www.w3.org/2000/svg"" viewBox=""0 0 256 256""><rect width=""256"" height=""256"" fill=""none""/><line x1=""48"" y1=""40"" x2=""208"" y2=""216"" fill=""none"" stroke=""currentColor"" stroke-linecap=""round"" stroke-linejoin=""round"" stroke-width=""16""/><path d=""M154.91,157.6a40,40,0,0,1-53.82-59.2"" fill=""none"" stroke=""currentColor"" stroke-linecap=""round"" stroke-linejoin=""round"" stroke-width=""16""/><path d=""M135.53,88.71a40,40,0,0,1,32.3,35.53"" fill=""none"" stroke=""currentColor"" stroke-linecap=""round"" stroke-linejoin=""round"" stroke-width=""16""/><path d=""M208.61,169.1C230.41,149.58,240,128,240,128S208,56,128,56a126,126,0,0,0-20.68,1.68"" fill=""none"" stroke=""currentColor"" stroke-linecap=""round"" stroke-linejoin=""round"" stroke-width=""16""/><path d=""M74,68.6C33.23,89.24,16,128,16,128s32,72,112,72a118.05,118.05,0,0,0,54-12.6"" fill=""none"" stroke=""currentColor"" stroke-linecap=""round"" stroke-linejoin=""round"" stroke-width=""16""/></svg>","Field visibility toggles, sensitive data masks"
Preferences & View,List View,list-bullets,"<svg xmlns=""http://www.w3.org/2000/svg"" viewBox=""0 0 256 256""><rect width=""256"" height=""256"" fill=""none""/><line x1=""88"" y1=""64"" x2=""216"" y2=""64"" fill=""none"" stroke=""currentColor"" stroke-linecap=""round"" stroke-linejoin=""round"" stroke-width=""16""/><line x1=""88"" y1=""128"" x2=""216"" y2=""128"" fill=""none"" stroke=""currentColor"" stroke-linecap=""round"" stroke-linejoin=""round"" stroke-width=""16""/><line x1=""88"" y1=""192"" x2=""216"" y2=""192"" fill=""none"" stroke=""currentColor"" stroke-linecap=""round"" stroke-linejoin=""round"" stroke-width=""16""/><circle cx=""44"" cy=""64"" r=""12""/><circle cx=""44"" cy=""128"" r=""12""/><circle cx=""44"" cy=""192"" r=""12""/></svg>",Switching layout to table or standard list
Preferences & View,Pin,push-pin,"<svg xmlns=""http://www.w3.org/2000/svg"" viewBox=""0 0 256 256""><rect width=""256"" height=""256"" fill=""none""/><path d=""M229.66,98.34a8,8,0,0,0,0-11.31L169,26.34a8,8,0,0,0-11.31,0L100.39,83.8S72.64,69.93,43,93.85a8,8,0,0,0-.65,11.91l107.9,107.89a8,8,0,0,0,12-.83c8.39-11.16,21.57-34.09,10.11-57Z"" fill=""none"" stroke=""currentColor"" stroke-linecap=""round"" stroke-linejoin=""round"" stroke-width=""16""/><line x1=""96.29"" y1=""159.71"" x2=""48"" y2=""208"" fill=""none"" stroke=""currentColor"" stroke-linecap=""round"" stroke-linejoin=""round"" stroke-width=""16""/></svg>",Pinning priority trips or notes to top of dashboard
Primary Navigation,Clients,users-three,"<svg xmlns=""[http://www.w3.org/2000/svg](http://www.w3.org/2000/svg)"" viewBox=""0 0 256 256""><rect width=""256"" height=""256"" fill=""none""/><circle cx=""128"" cy=""100"" r=""32"" fill=""none"" stroke=""currentColor"" stroke-linecap=""round"" stroke-linejoin=""round"" stroke-width=""16""/><path d=""M64,192a64,64,0,0,1,128,0"" fill=""none"" stroke=""currentColor"" stroke-linecap=""round"" stroke-linejoin=""round"" stroke-width=""16""/><circle cx=""60"" cy=""108"" r=""24"" fill=""none"" stroke=""currentColor"" stroke-linecap=""round"" stroke-linejoin=""round"" stroke-width=""16""/><path d=""M16,184a48,48,0,0,1,72-42"" fill=""none"" stroke=""currentColor"" stroke-linecap=""round"" stroke-linejoin=""round"" stroke-width=""16""/><circle cx=""196"" cy=""108"" r=""24"" fill=""none"" stroke=""currentColor"" stroke-linecap=""round"" stroke-linejoin=""round"" stroke-width=""16""/><path d=""M168,142a48,48,0,0,1,72,42"" fill=""none"" stroke=""currentColor"" stroke-linecap=""round"" stroke-linejoin=""round"" stroke-width=""16""/></svg>",
Primary Navigation,Communication,chats,"<svg xmlns=""[http://www.w3.org/2000/svg](http://www.w3.org/2000/svg)"" viewBox=""0 0 256 256""><rect width=""256"" height=""256"" fill=""none""/><path d=""M80,184V168a48,48,0,1,1,48,48H88Z"" fill=""none"" stroke=""currentColor"" stroke-linecap=""round"" stroke-linejoin=""round"" stroke-width=""16""/><path d=""M176,144h24a48,48,0,1,0-48-48V112"" fill=""none"" stroke=""currentColor"" stroke-linecap=""round"" stroke-linejoin=""round"" stroke-width=""16""/></svg>",
Primary Navigation,Departures,airplane-takeoff,"<svg xmlns=""[http://www.w3.org/2000/svg](http://www.w3.org/2000/svg)"" viewBox=""0 0 256 256""><rect width=""256"" height=""256"" fill=""none""/><path d=""M228.3,101.4a8,8,0,0,0-7.3-3.1L156.4,106,94.9,40a8,8,0,0,0-6.1-2.9H66.2a8,8,0,0,0-5.8,13.5l42.6,44.8L63,103.5l-24.1-15a8,8,0,0,0-7.9-.4L13.8,97.7a8,8,0,0,0-1.2,12.7l46,46,149.2-22.3A16,16,0,0,0,228.3,101.4Z"" fill=""none"" stroke=""currentColor"" stroke-linecap=""round"" stroke-linejoin=""round"" stroke-width=""16""/><line x1=""16"" y1=""216"" x2=""240"" y2=""216"" fill=""none"" stroke=""currentColor"" stroke-linecap=""round"" stroke-linejoin=""round"" stroke-width=""16""/></svg>",
Primary Navigation,Documents,files,"<svg xmlns=""[http://www.w3.org/2000/svg](http://www.w3.org/2000/svg)"" viewBox=""0 0 256 256""><rect width=""256"" height=""256"" fill=""none""/><path d=""M160,216H48a8,8,0,0,1-8-8V48"" fill=""none"" stroke=""currentColor"" stroke-linecap=""round"" stroke-linejoin=""round"" stroke-width=""16""/><path d=""M88,184H200a8,8,0,0,0,8-8V80L152,24H88a8,8,0,0,0-8,8V176A8,8,0,0,0,88,184Z"" fill=""none"" stroke=""currentColor"" stroke-linecap=""round"" stroke-linejoin=""round"" stroke-width=""16""/><polyline points=""152 24 152 80 208 80"" fill=""none"" stroke=""currentColor"" stroke-linecap=""round"" stroke-linejoin=""round"" stroke-width=""16""/></svg>",
Primary Navigation,Dashboard,gauge,"<svg xmlns=""http://www.w3.org/2000/svg"" viewBox=""0 0 256 256""><rect width=""256"" height=""256"" fill=""none""/><path d=""M24,176V153.13C24,95.65,70.15,48.2,127.63,48A104,104,0,0,1,232,152v24a8,8,0,0,1-8,8H32A8,8,0,0,1,24,176Z"" fill=""none"" stroke=""currentColor"" stroke-linecap=""round"" stroke-linejoin=""round"" stroke-width=""16""/><line x1=""128"" y1=""48"" x2=""128"" y2=""80"" fill=""none"" stroke=""currentColor"" stroke-linecap=""round"" stroke-linejoin=""round"" stroke-width=""16""/><line x1=""104"" y1=""184"" x2=""168"" y2=""96"" fill=""none"" stroke=""currentColor"" stroke-linecap=""round"" stroke-linejoin=""round"" stroke-width=""16""/><line x1=""200"" y1=""136"" x2=""230.78"" y2=""136"" fill=""none"" stroke=""currentColor"" stroke-linecap=""round"" stroke-linejoin=""round"" stroke-width=""16""/><line x1=""25.39"" y1=""136"" x2=""56"" y2=""136"" fill=""none"" stroke=""currentColor"" stroke-linecap=""round"" stroke-linejoin=""round"" stroke-width=""16""/></svg>",
Primary Navigation,Finances,currency-dollar,"<svg xmlns=""[http://www.w3.org/2000/svg](http://www.w3.org/2000/svg)"" viewBox=""0 0 256 256""><rect width=""256"" height=""256"" fill=""none""/><line x1=""128"" y1=""24"" x2=""128"" y2=""232"" fill=""none"" stroke=""currentColor"" stroke-linecap=""round"" stroke-linejoin=""round"" stroke-width=""16""/><path d=""M184,88a40,40,0,0,0-40-40H112a40,40,0,0,0,0,80h32a40,40,0,0,1,0,80H96a40,40,0,0,1-40-40"" fill=""none"" stroke=""currentColor"" stroke-linecap=""round"" stroke-linejoin=""round"" stroke-width=""16""/></svg>",
Primary Navigation,Parties (Directory),address-book,"<svg xmlns=""[http://www.w3.org/2000/svg](http://www.w3.org/2000/svg)"" viewBox=""0 0 256 256""><rect width=""256"" height=""256"" fill=""none""/><rect x=""48"" y=""40"" width=""160"" height=""176"" rx=""8"" fill=""none"" stroke=""currentColor"" stroke-linecap=""round"" stroke-linejoin=""round"" stroke-width=""16""/><line x1=""16"" y1=""80"" x2=""48"" y2=""80"" fill=""none"" stroke=""currentColor"" stroke-linecap=""round"" stroke-linejoin=""round"" stroke-width=""16""/><line x1=""16"" y1=""128"" x2=""48"" y2=""128"" fill=""none"" stroke=""currentColor"" stroke-linecap=""round"" stroke-linejoin=""round"" stroke-width=""16""/><line x1=""16"" y1=""176"" x2=""48"" y2=""176"" fill=""none"" stroke=""currentColor"" stroke-linecap=""round"" stroke-linejoin=""round"" stroke-width=""16""/><circle cx=""128"" cy=""112"" r=""24"" fill=""none"" stroke=""currentColor"" stroke-linecap=""round"" stroke-linejoin=""round"" stroke-width=""16""/><path d=""M96,168a32,32,0,0,1,64,0"" fill=""none"" stroke=""currentColor"" stroke-linecap=""round"" stroke-linejoin=""round"" stroke-width=""16""/></svg>",
Primary Navigation,Reports,chart-bar,"<svg xmlns=""[http://www.w3.org/2000/svg](http://www.w3.org/2000/svg)"" viewBox=""0 0 256 256""><rect width=""256"" height=""256"" fill=""none""/><line x1=""224"" y1=""208"" x2=""32"" y2=""208"" fill=""none"" stroke=""currentColor"" stroke-linecap=""round"" stroke-linejoin=""round"" stroke-width=""16""/><rect x=""156"" y=""40"" width=""40"" height=""128"" fill=""none"" stroke=""currentColor"" stroke-linecap=""round"" stroke-linejoin=""round"" stroke-width=""16""/><rect x=""100"" y=""96"" width=""40"" height=""72"" fill=""none"" stroke=""currentColor"" stroke-linecap=""round"" stroke-linejoin=""round"" stroke-width=""16""/><rect x=""44"" y=""136"" width=""40"" height=""32"" fill=""none"" stroke=""currentColor"" stroke-linecap=""round"" stroke-linejoin=""round"" stroke-width=""16""/></svg>",
Primary Navigation,Settings,gear,"<svg xmlns=""[http://www.w3.org/2000/svg](http://www.w3.org/2000/svg)"" viewBox=""0 0 256 256""><rect width=""256"" height=""256"" fill=""none""/><circle cx=""128"" cy=""128"" r=""48"" fill=""none"" stroke=""currentColor"" stroke-linecap=""round"" stroke-linejoin=""round"" stroke-width=""16""/><path d=""M183.7,133.2a64.5,64.5,0,0,0,.3-10.4,64.5,64.5,0,0,0-.3-10.4l24-15.1a8,8,0,0,0,2.1-10.2l-20-34.6a8,8,0,0,0-9.8-3.5l-26.6,10.6a64,64,0,0,0-18.1-10.4L131,25.8a8,8,0,0,0-7.9-6.8H83a8,8,0,0,0-7.9,6.8L70.7,53.2a64,64,0,0,0-18.1,10.4L26,53a8,8,0,0,0-9.8,3.5l-20,34.6a8,8,0,0,0,2.1,10.2l24,15.1a64.5,64.5,0,0,0-.3,10.4,64.5,64.5,0,0,0,.3,10.4l-24,15.1a8,8,0,0,0-2.1,10.2l20,34.6a8,8,0,0,0,9.8,3.5l26.6-10.6a64,64,0,0,0,18.1,10.4l4.4,27.4a8,8,0,0,0,7.9,6.8h40a8,8,0,0,0,7.9-6.8l4.4-27.4a64,64,0,0,0,18.1-10.4l26.6,10.6a8,8,0,0,0,9.8-3.5l20-34.6a8,8,0,0,0-2.1-10.2Z"" fill=""none"" stroke=""currentColor"" stroke-linecap=""round"" stroke-linejoin=""round"" stroke-width=""16""/></svg>",
Primary Navigation,Suppliers,storefront,"<svg xmlns=""[http://www.w3.org/2000/svg](http://www.w3.org/2000/svg)"" viewBox=""0 0 256 256""><rect width=""256"" height=""256"" fill=""none""/><path d=""M32,96V208a8,8,0,0,0,8,8H216a8,8,0,0,0,8-8V96"" fill=""none"" stroke=""currentColor"" stroke-linecap=""round"" stroke-linejoin=""round"" stroke-width=""16""/><line x1=""24"" y1=""96"" x2=""232"" y2=""96"" fill=""none"" stroke=""currentColor"" stroke-linecap=""round"" stroke-linejoin=""round"" stroke-width=""16""/><polygon points=""48 40 208 40 224 96 32 96 48 40"" fill=""none"" stroke=""currentColor"" stroke-linecap=""round"" stroke-linejoin=""round"" stroke-width=""16""/><path d=""M160,216V144H96v72"" fill=""none"" stroke=""currentColor"" stroke-linecap=""round"" stroke-linejoin=""round"" stroke-width=""16""/></svg>",
Primary Navigation,Travel Programs,globe-hemisphere-west,"<svg xmlns=""[http://www.w3.org/2000/svg](http://www.w3.org/2000/svg)"" viewBox=""0 0 256 256""><rect width=""256"" height=""256"" fill=""none""/><circle cx=""128"" cy=""128"" r=""96"" fill=""none"" stroke=""currentColor"" stroke-linecap=""round"" stroke-linejoin=""round"" stroke-width=""16""/><path d=""M128,32A96,96,0,0,0,32,128"" fill=""none"" stroke=""currentColor"" stroke-linecap=""round"" stroke-linejoin=""round"" stroke-width=""16""/><path d=""M56,88s40,8,48,32,32,16,40,0,24-16,48-16"" fill=""none"" stroke=""currentColor"" stroke-linecap=""round"" stroke-linejoin=""round"" stroke-width=""16""/><path d=""M40,152s32-8,56,8,32,24,64,8"" fill=""none"" stroke=""currentColor"" stroke-linecap=""round"" stroke-linejoin=""round"" stroke-width=""16""/></svg>",
Primary Navigation,Travelers,user-list,"<svg xmlns=""[http://www.w3.org/2000/svg](http://www.w3.org/2000/svg)"" viewBox=""0 0 256 256""><rect width=""256"" height=""256"" fill=""none""/><circle cx=""84"" cy=""108"" r=""28"" fill=""none"" stroke=""currentColor"" stroke-linecap=""round"" stroke-linejoin=""round"" stroke-width=""16""/><path d=""M40,180a44,44,0,0,1,88,0"" fill=""none"" stroke=""currentColor"" stroke-linecap=""round"" stroke-linejoin=""round"" stroke-width=""16""/><line x1=""152"" y1=""88"" x2=""216"" y2=""88"" fill=""none"" stroke=""currentColor"" stroke-linecap=""round"" stroke-linejoin=""round"" stroke-width=""16""/><line x1=""152"" y1=""128"" x2=""216"" y2=""128"" fill=""none"" stroke=""currentColor"" stroke-linecap=""round"" stroke-linejoin=""round"" stroke-width=""16""/><line x1=""152"" y1=""168"" x2=""216"" y2=""168"" fill=""none"" stroke=""currentColor"" stroke-linecap=""round"" stroke-linejoin=""round"" stroke-width=""16""/></svg>",
Profile Type,Household,house,"<svg xmlns=""[http://www.w3.org/2000/svg](http://www.w3.org/2000/svg)"" viewBox=""0 0 256 256""><rect width=""256"" height=""256"" fill=""none""/><path d=""M216,116.8V208a8,8,0,0,1-8,8H160V152H96v64H40a8,8,0,0,1-8-8V116.8a8,8,0,0,1,2.7-6L122.7,34.1a8,8,0,0,1,10.6,0l88,76.7A8,8,0,0,1,216,116.8Z"" fill=""none"" stroke=""currentColor"" stroke-linecap=""round"" stroke-linejoin=""round"" stroke-width=""16""/></svg>",
Profile Type,Organization,buildings,"<svg xmlns=""[http://www.w3.org/2000/svg](http://www.w3.org/2000/svg)"" viewBox=""0 0 256 256""><rect width=""256"" height=""256"" fill=""none""/><path d=""M16,216H240"" fill=""none"" stroke=""currentColor"" stroke-linecap=""round"" stroke-linejoin=""round"" stroke-width=""16""/><path d=""M144,216V72a8,8,0,0,0-8-8H40a8,8,0,0,0-8,8V216"" fill=""none"" stroke=""currentColor"" stroke-linecap=""round"" stroke-linejoin=""round"" stroke-width=""16""/><path d=""M224,216V112a8,8,0,0,0-8-8H144"" fill=""none"" stroke=""currentColor"" stroke-linecap=""round"" stroke-linejoin=""round"" stroke-width=""16""/><line x1=""64"" y1=""104"" x2=""80"" y2=""104"" fill=""none"" stroke=""currentColor"" stroke-linecap=""round"" stroke-linejoin=""round"" stroke-width=""16""/><line x1=""96"" y1=""104"" x2=""112"" y2=""104"" fill=""none"" stroke=""currentColor"" stroke-linecap=""round"" stroke-linejoin=""round"" stroke-width=""16""/><line x1=""64"" y1=""136"" x2=""80"" y2=""136"" fill=""none"" stroke=""currentColor"" stroke-linecap=""round"" stroke-linejoin=""round"" stroke-width=""16""/><line x1=""96"" y1=""136"" x2=""112"" y2=""136"" fill=""none"" stroke=""currentColor"" stroke-linecap=""round"" stroke-linejoin=""round"" stroke-width=""16""/><line x1=""64"" y1=""168"" x2=""80"" y2=""168"" fill=""none"" stroke=""currentColor"" stroke-linecap=""round"" stroke-linejoin=""round"" stroke-width=""16""/><line x1=""96"" y1=""168"" x2=""112"" y2=""168"" fill=""none"" stroke=""currentColor"" stroke-linecap=""round"" stroke-linejoin=""round"" stroke-width=""16""/></svg>",
Profile Type,Person,user,"<svg xmlns=""[http://www.w3.org/2000/svg](http://www.w3.org/2000/svg)"" viewBox=""0 0 256 256""><rect width=""256"" height=""256"" fill=""none""/><circle cx=""128"" cy=""96"" r=""64"" fill=""none"" stroke=""currentColor"" stroke-linecap=""round"" stroke-linejoin=""round"" stroke-width=""16""/><path d=""M31,216a112,112,0,0,1,194,0"" fill=""none"" stroke=""currentColor"" stroke-linecap=""round"" stroke-linejoin=""round"" stroke-width=""16""/></svg>",
Record Types,Notes,notepad,"<svg xmlns=""[http://www.w3.org/2000/svg](http://www.w3.org/2000/svg)"" viewBox=""0 0 256 256""><rect width=""256"" height=""256"" fill=""none""/><path d=""M200,224H56a8,8,0,0,1-8-8V40a8,8,0,0,1,8-8h96l56,56V216A8,8,0,0,1,200,224Z"" fill=""none"" stroke=""currentColor"" stroke-linecap=""round"" stroke-linejoin=""round"" stroke-width=""16""/><polyline points=""152 32 152 88 208 88"" fill=""none"" stroke=""currentColor"" stroke-linecap=""round"" stroke-linejoin=""round"" stroke-width=""16""/><line x1=""96"" y1=""136"" x2=""160"" y2=""136"" fill=""none"" stroke=""currentColor"" stroke-linecap=""round"" stroke-linejoin=""round"" stroke-width=""16""/><line x1=""96"" y1=""168"" x2=""160"" y2=""168"" fill=""none"" stroke=""currentColor"" stroke-linecap=""round"" stroke-linejoin=""round"" stroke-width=""16""/></svg>",
Sensitivity,Administrator Only,shield-warning,"<svg xmlns=""[http://www.w3.org/2000/svg](http://www.w3.org/2000/svg)"" viewBox=""0 0 256 256""><rect width=""256"" height=""256"" fill=""none""/><path d=""M216,112V56a8,8,0,0,0-8-8H48a8,8,0,0,0-8,8v56c0,96,88,120,88,120S216,208,216,112Z"" fill=""none"" stroke=""currentColor"" stroke-linecap=""round"" stroke-linejoin=""round"" stroke-width=""16""/><line x1=""128"" y1=""104"" x2=""128"" y2=""144"" fill=""none"" stroke=""currentColor"" stroke-linecap=""round"" stroke-linejoin=""round"" stroke-width=""16""/><circle cx=""128"" cy=""176"" r=""12""/></svg>",
Sensitivity,Default,shield,"<svg xmlns=""[http://www.w3.org/2000/svg](http://www.w3.org/2000/svg)"" viewBox=""0 0 256 256""><rect width=""256"" height=""256"" fill=""none""/><path d=""M216,112V56a8,8,0,0,0-8-8H48a8,8,0,0,0-8,8v56c0,96,88,120,88,120S216,208,216,112Z"" fill=""none"" stroke=""currentColor"" stroke-linecap=""round"" stroke-linejoin=""round"" stroke-width=""16""/></svg>",
Sensitivity,Private,lock,"<svg xmlns=""[http://www.w3.org/2000/svg](http://www.w3.org/2000/svg)"" viewBox=""0 0 256 256""><rect width=""256"" height=""256"" fill=""none""/><rect x=""40"" y=""88"" width=""176"" height=""128"" rx=""8"" fill=""none"" stroke=""currentColor"" stroke-linecap=""round"" stroke-linejoin=""round"" stroke-width=""16""/><path d=""M88,88V56a40,40,0,0,1,80,0V88"" fill=""none"" stroke=""currentColor"" stroke-linecap=""round"" stroke-linejoin=""round"" stroke-width=""16""/><circle cx=""128"" cy=""152"" r=""12""/></svg>",
Service Category,Accommodation,bed,"<svg xmlns=""[http://www.w3.org/2000/svg](http://www.w3.org/2000/svg)"" viewBox=""0 0 256 256""><rect width=""256"" height=""256"" fill=""none""/><path d=""M112,168V80H216a32,32,0,0,1,32,32v56"" fill=""none"" stroke=""currentColor"" stroke-linecap=""round"" stroke-linejoin=""round"" stroke-width=""16""/><line x1=""24"" y1=""208"" x2=""24"" y2=""48"" fill=""none"" stroke=""currentColor"" stroke-linecap=""round"" stroke-linejoin=""round"" stroke-width=""16""/><polyline points=""24 168 248 168 248 208"" fill=""none"" stroke=""currentColor"" stroke-linecap=""round"" stroke-linejoin=""round"" stroke-width=""16""/><line x1=""112"" y1=""80"" x2=""24"" y2=""80"" fill=""none"" stroke=""currentColor"" stroke-linecap=""round"" stroke-linejoin=""round"" stroke-width=""16""/></svg>",
Service Category,Activity,ticket,"<svg xmlns=""[http://www.w3.org/2000/svg](http://www.w3.org/2000/svg)"" viewBox=""0 0 256 256""><rect width=""256"" height=""256"" fill=""none""/><line x1=""96"" y1=""56"" x2=""96"" y2=""200"" fill=""none"" stroke=""currentColor"" stroke-linecap=""round"" stroke-linejoin=""round"" stroke-width=""16""/><path d=""M24,160a32,32,0,0,0,0-64V64a8,8,0,0,1,8-8H224a8,8,0,0,1,8,8V96a32,32,0,0,0,0,64v32a8,8,0,0,1-8,8H32a8,8,0,0,1-8-8Z"" fill=""none"" stroke=""currentColor"" stroke-linecap=""round"" stroke-linejoin=""round"" stroke-width=""16""/></svg>",
Service Category,Air,airplane,"<svg xmlns=""[http://www.w3.org/2000/svg](http://www.w3.org/2000/svg)"" viewBox=""0 0 256 256""><rect width=""256"" height=""256"" fill=""none""/><path d=""M224,128a16,16,0,0,0-15.1-15.9L144,104,96,32H68a8,8,0,0,0-6.4,12.8L96,104,48,112,28,92a8,8,0,0,0-5.7-2.3H12a8,8,0,0,0-6,13.3L28,128,6,151a8,8,0,0,0,6,13.3H20.3a8,8,0,0,0,5.7-2.3L48,144l48,8,34.4,67.2A8,8,0,0,0,137.4,224H164a8,8,0,0,0,6.4-12.8L128,152l64.9-8.1A16,16,0,0,0,224,128Z"" fill=""none"" stroke=""currentColor"" stroke-linecap=""round"" stroke-linejoin=""round"" stroke-width=""16""/></svg>",
Service Category,Cruise,boat,"<svg xmlns=""[http://www.w3.org/2000/svg](http://www.w3.org/2000/svg)"" viewBox=""0 0 256 256""><rect width=""256"" height=""256"" fill=""none""/><line x1=""128"" y1=""48"" x2=""128"" y2=""24"" fill=""none"" stroke=""currentColor"" stroke-linecap=""round"" stroke-linejoin=""round"" stroke-width=""16""/><line x1=""128"" y1=""168"" x2=""128"" y2=""88"" fill=""none"" stroke=""currentColor"" stroke-linecap=""round"" stroke-linejoin=""round"" stroke-width=""16""/><path d=""M224,152c0,56-96,80-96,80s-96-24-96-80V125.77a8,8,0,0,1,5.47-7.59L128,88l90.53,30.18a8,8,0,0,1,5.47,7.59Z"" fill=""none"" stroke=""currentColor"" stroke-linecap=""round"" stroke-linejoin=""round"" stroke-width=""16""/><path d=""M56,112V56a8,8,0,0,1,8-8H192a8,8,0,0,1,8,8v56"" fill=""none"" stroke=""currentColor"" stroke-linecap=""round"" stroke-linejoin=""round"" stroke-width=""16""/></svg>",
Service Category,Destination Management,compass,"<svg xmlns=""[http://www.w3.org/2000/svg](http://www.w3.org/2000/svg)"" viewBox=""0 0 256 256""><rect width=""256"" height=""256"" fill=""none""/><circle cx=""128"" cy=""128"" r=""96"" fill=""none"" stroke=""currentColor"" stroke-linecap=""round"" stroke-linejoin=""round"" stroke-width=""16""/><polygon points=""176 80 112 112 80 176 144 144 176 80"" fill=""none"" stroke=""currentColor"" stroke-linecap=""round"" stroke-linejoin=""round"" stroke-width=""16""/></svg>",
Service Category,Dining,fork-knife,"<svg xmlns=""[http://www.w3.org/2000/svg](http://www.w3.org/2000/svg)"" viewBox=""0 0 256 256""><rect width=""256"" height=""256"" fill=""none""/><line x1=""84"" y1=""32"" x2=""84"" y2=""72"" fill=""none"" stroke=""currentColor"" stroke-linecap=""round"" stroke-linejoin=""round"" stroke-width=""16""/><line x1=""52"" y1=""32"" x2=""52"" y2=""72"" fill=""none"" stroke=""currentColor"" stroke-linecap=""round"" stroke-linejoin=""round"" stroke-width=""16""/><line x1=""116"" y1=""32"" x2=""116"" y2=""72"" fill=""none"" stroke=""currentColor"" stroke-linecap=""round"" stroke-linejoin=""round"" stroke-width=""16""/><path d=""M52,72v24a32,32,0,0,0,32,32h0a32,32,0,0,0,32-32V72"" fill=""none"" stroke=""currentColor"" stroke-linecap=""round"" stroke-linejoin=""round"" stroke-width=""16""/><line x1=""84"" y1=""128"" x2=""84"" y2=""224"" fill=""none"" stroke=""currentColor"" stroke-linecap=""round"" stroke-linejoin=""round"" stroke-width=""16""/><path d=""M204,160V32S156,48,156,112v112"" fill=""none"" stroke=""currentColor"" stroke-linecap=""round"" stroke-linejoin=""round"" stroke-width=""16""/></svg>",
Service Category,Ground Transportation,bus,"<svg xmlns=""[http://www.w3.org/2000/svg](http://www.w3.org/2000/svg)"" viewBox=""0 0 256 256""><rect width=""256"" height=""256"" fill=""none""/><line x1=""48"" y1=""72"" x2=""208"" y2=""72"" fill=""none"" stroke=""currentColor"" stroke-linecap=""round"" stroke-linejoin=""round"" stroke-width=""16""/><line x1=""48"" y1=""112"" x2=""208"" y2=""112"" fill=""none"" stroke=""currentColor"" stroke-linecap=""round"" stroke-linejoin=""round"" stroke-width=""16""/><path d=""M208,184H48V64A24,24,0,0,1,72,40H184a24,24,0,0,1,24,24Z"" fill=""none"" stroke=""currentColor"" stroke-linecap=""round"" stroke-linejoin=""round"" stroke-width=""16""/><path d=""M208,184v24a8,8,0,0,1-8,8H176a8,8,0,0,1-8-8V184"" fill=""none"" stroke=""currentColor"" stroke-linecap=""round"" stroke-linejoin=""round"" stroke-width=""16""/><path d=""M88,184v24a8,8,0,0,1-8,8H56a8,8,0,0,1-8-8V184"" fill=""none"" stroke=""currentColor"" stroke-linecap=""round"" stroke-linejoin=""round"" stroke-width=""16""/><circle cx=""92"" cy=""148"" r=""12""/><circle cx=""164"" cy=""148"" r=""12""/><line x1=""240"" y1=""80"" x2=""240"" y2=""104"" fill=""none"" stroke=""currentColor"" stroke-linecap=""round"" stroke-linejoin=""round"" stroke-width=""16""/><line x1=""16"" y1=""80"" x2=""16"" y2=""104"" fill=""none"" stroke=""currentColor"" stroke-linecap=""round"" stroke-linejoin=""round"" stroke-width=""16""/></svg>",
Service Category,Insurance,shield-check,"<svg xmlns=""[http://www.w3.org/2000/svg](http://www.w3.org/2000/svg)"" viewBox=""0 0 256 256""><rect width=""256"" height=""256"" fill=""none""/><path d=""M216,112V56a8,8,0,0,0-8-8H48a8,8,0,0,0-8,8v56c0,96,88,120,88,120S216,208,216,112Z"" fill=""none"" stroke=""currentColor"" stroke-linecap=""round"" stroke-linejoin=""round"" stroke-width=""16""/><polyline points=""88 136 112 160 168 104"" fill=""none"" stroke=""currentColor"" stroke-linecap=""round"" stroke-linejoin=""round"" stroke-width=""16""/></svg>",
Service Category,Other,asterisk,"<svg xmlns=""http://www.w3.org/2000/svg"" viewBox=""0 0 256 256""><rect width=""256"" height=""256"" fill=""none""/><line x1=""128"" y1=""40"" x2=""128"" y2=""216"" fill=""none"" stroke=""currentColor"" stroke-linecap=""round"" stroke-linejoin=""round"" stroke-width=""16""/><line x1=""48"" y1=""80"" x2=""208"" y2=""176"" fill=""none"" stroke=""currentColor"" stroke-linecap=""round"" stroke-linejoin=""round"" stroke-width=""16""/><line x1=""48"" y1=""176"" x2=""208"" y2=""80"" fill=""none"" stroke=""currentColor"" stroke-linecap=""round"" stroke-linejoin=""round"" stroke-width=""16""/></svg>",
Service Category,Rail,train,"<svg xmlns=""[http://www.w3.org/2000/svg](http://www.w3.org/2000/svg)"" viewBox=""0 0 256 256""><rect width=""256"" height=""256"" fill=""none""/><rect x=""56"" y=""32"" width=""144"" height=""152"" rx=""24"" fill=""none"" stroke=""currentColor"" stroke-linecap=""round"" stroke-linejoin=""round"" stroke-width=""16""/><line x1=""56"" y1=""120"" x2=""200"" y2=""120"" fill=""none"" stroke=""currentColor"" stroke-linecap=""round"" stroke-linejoin=""round"" stroke-width=""16""/><circle cx=""92"" cy=""156"" r=""12""/><circle cx=""164"" cy=""156"" r=""12""/><line x1=""80"" y1=""184"" x2=""56"" y2=""224"" fill=""none"" stroke=""currentColor"" stroke-linecap=""round"" stroke-linejoin=""round"" stroke-width=""16""/><line x1=""176"" y1=""184"" x2=""200"" y2=""224"" fill=""none"" stroke=""currentColor"" stroke-linecap=""round"" stroke-linejoin=""round"" stroke-width=""16""/></svg>",
Service Category,Tour Operator,binoculars,"<svg xmlns=""[http://www.w3.org/2000/svg](http://www.w3.org/2000/svg)"" viewBox=""0 0 256 256""><rect width=""256"" height=""256"" fill=""none""/><circle cx=""64"" cy=""180"" r=""36"" fill=""none"" stroke=""currentColor"" stroke-linecap=""round"" stroke-linejoin=""round"" stroke-width=""16""/><circle cx=""192"" cy=""180"" r=""36"" fill=""none"" stroke=""currentColor"" stroke-linecap=""round"" stroke-linejoin=""round"" stroke-width=""16""/><line x1=""100"" y1=""180"" x2=""156"" y2=""180"" fill=""none"" stroke=""currentColor"" stroke-linecap=""round"" stroke-linejoin=""round"" stroke-width=""16""/><path d=""M64,144,88,40h32L100,144"" fill=""none"" stroke=""currentColor"" stroke-linecap=""round"" stroke-linejoin=""round"" stroke-width=""16""/><path d=""M192,144,168,40H136l20,104"" fill=""none"" stroke=""currentColor"" stroke-linecap=""round"" stroke-linejoin=""round"" stroke-width=""16""/></svg>",
Service Category,Venue,map-pin,"<svg xmlns=""[http://www.w3.org/2000/svg](http://www.w3.org/2000/svg)"" viewBox=""0 0 256 256""><rect width=""256"" height=""256"" fill=""none""/><circle cx=""128"" cy=""104"" r=""32"" fill=""none"" stroke=""currentColor"" stroke-linecap=""round"" stroke-linejoin=""round"" stroke-width=""16""/><path d=""M208,104c0,72-80,128-80,128S48,176,48,104a80,80,0,0,1,160,0Z"" fill=""none"" stroke=""currentColor"" stroke-linecap=""round"" stroke-linejoin=""round"" stroke-width=""16""/></svg>",
Status,Active,check-circle,"<svg xmlns=""[http://www.w3.org/2000/svg](http://www.w3.org/2000/svg)"" viewBox=""0 0 256 256""><rect width=""256"" height=""256"" fill=""none""/><circle cx=""128"" cy=""128"" r=""96"" fill=""none"" stroke=""currentColor"" stroke-linecap=""round"" stroke-linejoin=""round"" stroke-width=""16""/><polyline points=""88 128 112 152 168 96"" fill=""none"" stroke=""currentColor"" stroke-linecap=""round"" stroke-linejoin=""round"" stroke-width=""16""/></svg>",
Status,Archived,archive,"<svg xmlns=""[http://www.w3.org/2000/svg](http://www.w3.org/2000/svg)"" viewBox=""0 0 256 256""><rect width=""256"" height=""256"" fill=""none""/><rect x=""32"" y=""48"" width=""192"" height=""48"" rx=""8"" fill=""none"" stroke=""currentColor"" stroke-linecap=""round"" stroke-linejoin=""round"" stroke-width=""16""/><path d=""M48,96V200a8,8,0,0,0,8,8H200a8,8,0,0,0,8-8V96"" fill=""none"" stroke=""currentColor"" stroke-linecap=""round"" stroke-linejoin=""round"" stroke-width=""16""/><line x1=""104"" y1=""136"" x2=""152"" y2=""136"" fill=""none"" stroke=""currentColor"" stroke-linecap=""round"" stroke-linejoin=""round"" stroke-width=""16""/></svg>",
Status,Past,clock-counter-clockwise,"<svg xmlns=""[http://www.w3.org/2000/svg](http://www.w3.org/2000/svg)"" viewBox=""0 0 256 256""><rect width=""256"" height=""256"" fill=""none""/><polyline points=""68.2 38 68.2 86 116.2 86"" fill=""none"" stroke=""currentColor"" stroke-linecap=""round"" stroke-linejoin=""round"" stroke-width=""16""/><path d=""M68.2,86A96,96,0,1,1,32,128"" fill=""none"" stroke=""currentColor"" stroke-linecap=""round"" stroke-linejoin=""round"" stroke-width=""16""/><polyline points=""128 72 128 128 168 152"" fill=""none"" stroke=""currentColor"" stroke-linecap=""round"" stroke-linejoin=""round"" stroke-width=""16""/></svg>",
Status,Past Due,warning-circle,"<svg xmlns=""[http://www.w3.org/2000/svg](http://www.w3.org/2000/svg)"" viewBox=""0 0 256 256""><rect width=""256"" height=""256"" fill=""none""/><circle cx=""128"" cy=""128"" r=""96"" fill=""none"" stroke=""currentColor"" stroke-linecap=""round"" stroke-linejoin=""round"" stroke-width=""16""/><line x1=""128"" y1=""80"" x2=""128"" y2=""136"" fill=""none"" stroke=""currentColor"" stroke-linecap=""round"" stroke-linejoin=""round"" stroke-width=""16""/><circle cx=""128"" cy=""172"" r=""12""/></svg>",
Status,Traveling,airplane-in-flight,"<svg xmlns=""[http://www.w3.org/2000/svg](http://www.w3.org/2000/svg)"" viewBox=""0 0 256 256""><rect width=""256"" height=""256"" fill=""none""/><path d=""M221.7,114.3a8,8,0,0,0-7.7-1.3L150.3,135,102.5,58.3a8,8,0,0,0-6.8-3.8H73.5a8,8,0,0,0-6.6,12.5l36.1,54.2L61.2,137.9l-26.6-10a8,8,0,0,0-7.8,1.2l-13.3,11a8,8,0,0,0,.1,12.5l38.2,38.2,163.5-62.8A16,16,0,0,0,221.7,114.3Z"" fill=""none"" stroke=""currentColor"" stroke-linecap=""round"" stroke-linejoin=""round"" stroke-width=""16""/><line x1=""16"" y1=""216"" x2=""240"" y2=""216"" fill=""none"" stroke=""currentColor"" stroke-linecap=""round"" stroke-linejoin=""round"" stroke-width=""16""/></svg>",